headline,publisher,published_time,country,article_url,tags,view,scraped_at
Hotel staff reveal insider secrets to free perks and upgrades,Calgary Herald,8h,Unknown,https://c.newsnow.co.uk/A/1290118588?-18728:4648,,top,2025-10-12T06:41:36.595206
Vietnam's 10 best 4-star hotels of 2025 named,VnExpress International,15h,Unknown,https://c.newsnow.co.uk/A/1290095240?-18728:4648,,top,2025-10-12T06:41:36.595206
Thailand is world's best country for food as voted by British readers,VnExpress International,19h,Unknown,https://c.newsnow.co.uk/A/1290082045?-18728:4648,,top,2025-10-12T06:41:36.595206
How to nail a hotel-hopping road trip through the South of France,Evening Standard,20h,Unknown,https://c.newsnow.co.uk/A/1290079341?-18728:4648,,top,2025-10-12T06:41:36.595206
Vietnam voted world's 6th friendliest country for tourists by UK travel magazine readers,VnExpress International,21h,Unknown,https://c.newsnow.co.uk/A/1290076800?-18728:4648,,top,2025-10-12T06:41:36.596716
Claude Monet’s beautiful paintings of Venice are headlining an exhibition for the first time in more than a century,Smithsonian Magazine,1d,Unknown,https://c.newsnow.co.uk/A/1290062570?-18728:4648,,top,2025-10-12T06:41:36.596716
Full English breakfast item that 'baffles' American tourists when visiting the UK,The Mirror,01:38,Unknown,https://c.newsnow.co.uk/A/1290141464?-18728:4648,,top,2025-10-12T06:41:36.597259
Waldorf Astoria Chicago: Historic Luxury and Charm,Miami Herald,"23:48 Sat, 11 Oct",Unknown,https://c.newsnow.co.uk/A/1290137794?-18728:4648,,top,2025-10-12T06:41:36.597259
A $521m superyacht turns heads on Auckland waterfront,New Zealand Herald,"23:19 Sat, 11 Oct",Unknown,https://c.newsnow.co.uk/A/1290136729?-18728:4648,,top,2025-10-12T06:41:36.598499
‘Kawaii’ Future Train restaurant in Kyoto opens on elevated rail,Asahi Shimbun,"23:02 Sat, 11 Oct",Unknown,https://c.newsnow.co.uk/A/1290135855?-18728:4648,,top,2025-10-12T06:41:36.598499
Too easy - enjoying a long weekend in Brisbane,New Zealand Herald,"22:39 Sat, 11 Oct",Unknown,https://c.newsnow.co.uk/A/1290134651?-18728:4648,,top,2025-10-12T06:41:36.599508
These Locals Have Stepped in to Keep Country’s Most Visited National Park Fully Open,Outside,"22:31 Sat, 11 Oct",Unknown,https://c.newsnow.co.uk/A/1290134283?-18728:4648,,top,2025-10-12T06:41:36.599508
Travel: Guernsey,YOU Magazine,"22:05 Sat, 11 Oct",Unknown,https://c.newsnow.co.uk/A/1290132994?-18728:4648,,top,2025-10-12T06:41:36.599508
"Best hotels in the Lake District 2025, reviewed",The Independent,"21:58 Sat, 11 Oct",Unknown,https://c.newsnow.co.uk/A/1290132641?-18728:4648,,top,2025-10-12T06:41:36.600782
The best things to do in London for free in 2025,The Independent,"21:58 Sat, 11 Oct",Unknown,https://c.newsnow.co.uk/A/1290132640?-18728:4648,,top,2025-10-12T06:41:36.600782
"Weekly Review: October 11, 2025",One Mile at a Time,"21:39 Sat, 11 Oct",Unknown,https://c.newsnow.co.uk/A/1290131849?-18728:4648,,top,2025-10-12T06:41:36.600782
Best P&O Cruises holiday deals,The Independent,"21:28 Sat, 11 Oct",Unknown,https://c.newsnow.co.uk/A/1290131341?-18728:4648,,latest,2025-10-12T06:41:40.122180
Disney Visa Card review: Simple rewards and Disney perks for frequent parkgoers,The Points Guy,"21:13 Sat, 11 Oct",Unknown,https://c.newsnow.co.uk/A/1290130751?-18728:4648,,latest,2025-10-12T06:41:40.122684
"UK tourists warned they could face £5,000 fine for bringing back certain items from EU",Glasgow Live,"21:04 Sat, 11 Oct",Unknown,https://c.newsnow.co.uk/A/1290130319?-18728:4648,,latest,2025-10-12T06:41:40.122684
Six US cities that bring Mexico’s Day of the Dead tradition to life,The Independent,"20:26 Sat, 11 Oct",Unknown,https://c.newsnow.co.uk/A/1290128629?-18728:4648,,latest,2025-10-12T06:41:40.122684
A First Look at Hyatt Studios Mobile: Where Comfort Meets Extended Stay,Miami Herald,"19:14 Sat, 11 Oct",Unknown,https://c.newsnow.co.uk/A/1290125006?-18728:4648,,latest,2025-10-12T06:41:40.122684
I've Visited Vermont for Over 20 Years—This Is the Most Underrated Fall Foliage Town,Travel & Leisure Magazine,"19:06 Sat, 11 Oct",Unknown,https://c.newsnow.co.uk/A/1290124575?-18728:4648,,latest,2025-10-12T06:41:40.123691
This Swiss Region Is the 'Top of Europe'—and It Has the Highest Train Station on the Continent,Travel & Leisure Magazine,"19:06 Sat, 11 Oct",Unknown,https://c.newsnow.co.uk/A/1290124574?-18728:4648,,latest,2025-10-12T06:41:40.123691
Hidden Fall Foliage Gem: Exploring the Teton Mountain Range in Autumn,Miami Herald,"18:53 Sat, 11 Oct",Unknown,https://c.newsnow.co.uk/A/1290123884?-18728:4648,,latest,2025-10-12T06:41:40.123691
"Luxury, lagoons and local flavour at Fiji Marriott Momi Bay",New Zealand Herald,"18:33 Sat, 11 Oct",Unknown,https://c.newsnow.co.uk/A/1290122780?-18728:4648,,latest,2025-10-12T06:41:40.124694
"Kids can get bored visiting temples, museums, and other historical sights during international travel. I have a no-fail fix.",Business Insider,"18:09 Sat, 11 Oct",Unknown,https://c.newsnow.co.uk/A/1290121511?-18728:4648,,latest,2025-10-12T06:41:40.124694
Sweet spot alert: Book this business-class lie-flat seat to Germany using Citi or Chase points,The Points Guy,"17:44 Sat, 11 Oct",Unknown,https://c.newsnow.co.uk/A/1290120078?-18728:4648,,latest,2025-10-12T06:41:40.124694
25 best beaches in Spain to visit in 2025,The Independent,"16:39 Sat, 11 Oct",Unknown,https://c.newsnow.co.uk/A/1290116296?-18728:4648,,latest,2025-10-12T06:41:40.124694
20 best museums in London for 2025,The Independent,"16:23 Sat, 11 Oct",Unknown,https://c.newsnow.co.uk/A/1290115400?-18728:4648,,latest,2025-10-12T06:41:40.126317
"We had a staycation with our adult children and their families. It was so much fun, we want to do it annually.",Business Insider,"16:07 Sat, 11 Oct",Unknown,https://c.newsnow.co.uk/A/1290114367?-18728:4648,,latest,2025-10-12T06:41:40.126317
Ancient landmark free of scaffolding for first time in decades,The Independent,"15:52 Sat, 11 Oct",Unknown,https://c.newsnow.co.uk/A/1290113494?-18728:4648,,latest,2025-10-12T06:41:40.126317
Nobel Peace Prize winner praises Trump for ‘bold’ actions against Venezuela,Fox News,"15:49 Sat, 11 Oct",Unknown,https://c.newsnow.co.uk/A/1290113336?-18728:4648,,latest,2025-10-12T06:41:40.127422
"These NYC Spas Are All About Group Wellness, With Sauna Parties and Communal Sound Baths",Travel & Leisure Magazine,"15:22 Sat, 11 Oct",Unknown,https://c.newsnow.co.uk/A/1290111082?-18728:4648,,latest,2025-10-12T06:41:40.127422
Upgraded MSC Cruises ship to sail in-demand Alaska cruises,"The Tribune, California","15:04 Sat, 11 Oct",Unknown,https://c.newsnow.co.uk/A/1290109851?-18728:4648,,latest,2025-10-12T06:41:40.127422
These 10 Countries Are Surging In Popularity This Year: Which One Is Your Perfect Match?,Travel Off Path,"14:50 Sat, 11 Oct",Unknown,https://c.newsnow.co.uk/A/1290108898?-18728:4648,,latest,2025-10-12T06:41:40.127422
New ship November: 3 new cruise vacations come to Fort Lauderdale,"The Tribune, California","14:44 Sat, 11 Oct",Unknown,https://c.newsnow.co.uk/A/1290108309?-18728:4648,,latest,2025-10-12T06:41:40.127422
The hottest new airline loyalty perk doesn't require status or a credit card — and it's free,The Points Guy,"14:42 Sat, 11 Oct",Unknown,https://c.newsnow.co.uk/A/1290108188?-18728:4648,,latest,2025-10-12T06:41:40.127422
New Flights Launching From 3 U.S. Cities To Lesser-Known Caribbean Paradise,Travel Off Path,"14:40 Sat, 11 Oct",Unknown,https://c.newsnow.co.uk/A/1290108097?-18728:4648,,latest,2025-10-12T06:41:40.128717
Americans Will Have To Get Fingerprinted In These 22 European Countries Starting October 12 Confirmed,Travel Off Path,"14:40 Sat, 11 Oct",Unknown,https://c.newsnow.co.uk/A/1290108096?-18728:4648,,latest,2025-10-12T06:41:40.128717
All the European airport strikes planned for October 2025 and beyond,Metro.co.uk,"14:36 Sat, 11 Oct",Unknown,https://c.newsnow.co.uk/A/1290107774?-18728:4648,,latest,2025-10-12T06:41:40.128717
I studied abroad in London to meet new people. I fell in love with my own company instead.,Business Insider,"14:35 Sat, 11 Oct",Unknown,https://c.newsnow.co.uk/A/1290107729?-18728:4648,,latest,2025-10-12T06:41:40.128717
Most Popular Leaf Peeping Destinations in the U.S.,Good Housekeeping (US),"14:35 Sat, 11 Oct",Unknown,https://c.newsnow.co.uk/A/1290107710?-18728:4648,,latest,2025-10-12T06:41:40.129731
A Snob’s Guide to North Carolina,Town & Country Magazine,"14:11 Sat, 11 Oct",Unknown,https://c.newsnow.co.uk/A/1290106354?-18728:4648,,latest,2025-10-12T06:41:40.129731
Flying drones take aim at retail theft,Fox News,"13:53 Sat, 11 Oct",Unknown,https://c.newsnow.co.uk/A/1290105168?-18728:4648,,latest,2025-10-12T06:41:40.129731
World Migratory Bird Day: Aerial visitors over lands and waters,CGTN,"13:27 Sat, 11 Oct",Unknown,https://c.newsnow.co.uk/A/1290103890?-18728:4648,,latest,2025-10-12T06:41:40.130729
Get an eyeful of Iceland in these 20 photos that capture its natural beauty,Smithsonian Magazine,1d,Unknown,https://c.newsnow.co.uk/A/1290049331?-18728:4648,,popular,2025-10-12T06:41:48.290796
Etiquette expert reveals whether you need to change clothes on long-haul flights,MailOnline,1d,Unknown,https://c.newsnow.co.uk/A/1290030514?-18728:4648,,popular,2025-10-12T06:41:48.290796
European city has award-winning Christmas market and almost no crowds,The Mirror,1d,Unknown,https://c.newsnow.co.uk/A/1290027002?-18728:4648,,popular,2025-10-12T06:41:48.291794
United Airlines just added new European routes to iconic beach destinations for 2026,Travel & Leisure Magazine,1d,Unknown,https://c.newsnow.co.uk/A/1290028521?-18728:4648,,popular,2025-10-12T06:41:48.291794
